DELETE FROM APP.BICICLETAENTITY_ACCESORIOBICICLETAENTITY;
DELETE FROM APP.DIRECCIONENTITY_ESTACIONENTITY;
DELETE FROM APP.DIRECCIONENTITY_USUARIOENTITY;
DELETE FROM APP.ESTACIONENTITY_BICICLETAENTITY;
DELETE FROM APP.ESTACIONENTITY_DIRECCIONENTITY;
DELETE FROM APP.RESERVAENTITY_BICICLETAENTITY;
DELETE FROM APP.ACCESORIOBICICLETAENTITY;
DELETE FROM APP.ACCESORIOENTITY;
DELETE FROM APP.BICICLETAENTITY;
DELETE FROM APP.RESERVAENTITY;
DELETE FROM APP.CALIFICACIONENTITY;
DELETE FROM APP.DIRECCIONENTITY;
DELETE FROM APP.PAGOENTITY;

DELETE FROM APP.ESTACIONENTITY;
DELETE FROM APP.PUNTOENTITY;
DELETE FROM APP.USUARIOENTITY;


/*No modificar esto - Gabriel Pinto*/
insert into App.DireccionEntity(ID, CIUDAD, CODIGOPOSTAL, DESCRIPCION) values (1, 'Bogota', 11001, 'Direccion 1');
insert into App.DireccionEntity(ID, CIUDAD, CODIGOPOSTAL, DESCRIPCION) values (2, 'Bogota', 11011, 'Direccion 2');
insert into App.DireccionEntity(ID, CIUDAD, CODIGOPOSTAL, DESCRIPCION) values (3, 'Bogota', 11111, 'Direccion 3');

insert into App.USUARIOENTITY(DOCUMENTOUSUARIO, FECHANACIMIENTO, NOMBRE, TIPOID) values (123456789, '09/14/1990', 'Usuario 1', 1);
insert into App.USUARIOENTITY(DOCUMENTOUSUARIO, FECHANACIMIENTO, NOMBRE, TIPOID) values (223456789, '10/15/1997', 'Usuario 2', 1);
insert into App.USUARIOENTITY(DOCUMENTOUSUARIO, FECHANACIMIENTO, NOMBRE, TIPOID) values (323232323, '08/13/1997', 'Usuario 2', 1);

insert into App.ESTACIONENTITY(ID, NAME) values (1, 'Estacion 1');
insert into App.ESTACIONENTITY(ID, NAME) values (2, 'Estacion 2');
insert into App.ESTACIONENTITY(ID, NAME) values (3, 'Estacion 3');
insert into App.ESTACIONENTITY(ID, NAME) values (4, 'Estacion 4');

insert into App.BICICLETAENTITY(ID, ESTADO, MARCA, MODELO, ESTACION_ID) values (1, 2, 'Marca 1', 'Modelo 1', 1);
insert into App.BICICLETAENTITY(ID, ESTADO, MARCA, MODELO, ESTACION_ID) values (2, 2, 'Marca 2', 'Modelo 2', 2);
insert into App.BICICLETAENTITY(ID, ESTADO, MARCA, MODELO, ESTACION_ID) values (3, 2, 'Marca 3', 'Modelo 3', 2);

insert into App.RESERVAENTITY(ID, ESTADO, FECHAINICIO, FECHAENTREGA, PRECIOFINAL, ESTACIONLLEGADA_ID, ESTACIONSALIDA_ID, USUARIORESERVA_DOCUMENTOUSUARIO) values(1, 1, '09/20/2017', '09/28/2017', 40000, 1, 2, 123456789);
insert into App.RESERVAENTITY(ID, ESTADO, FECHAINICIO, FECHAENTREGA, PRECIOFINAL, ESTACIONLLEGADA_ID, ESTACIONSALIDA_ID, USUARIORESERVA_DOCUMENTOUSUARIO) values(2, 1, '09/22/2017', '09/29/2017', 20000, 2, 2, 223456789);
insert into App.RESERVAENTITY(ID, ESTADO, FECHAINICIO, FECHAENTREGA, PRECIOFINAL, ESTACIONLLEGADA_ID, ESTACIONSALIDA_ID, USUARIORESERVA_DOCUMENTOUSUARIO) values(3, 0, '09/24/2017', '09/25/2017', 10000, 1, 1, 323232323);


INSERT INTO APP.PUNTOENTITY(ID, FECHAPUNTO, FECHAVENCIMIENTO, USUARIOPUNTO_DOCUMENTOUSUARIO) VALUES (1, '09/20/2016', '09/20/2017', 123456789);
INSERT INTO APP.PUNTOENTITY(ID, FECHAPUNTO, FECHAVENCIMIENTO, USUARIOPUNTO_DOCUMENTOUSUARIO) VALUES (2, '09/21/2017', '09/21/2018', 123456789);
INSERT INTO APP.PUNTOENTITY(ID, FECHAPUNTO, FECHAVENCIMIENTO, USUARIOPUNTO_DOCUMENTOUSUARIO) VALUES (3, '09/22/2017', '09/22/2018', 123456789);
INSERT INTO APP.PUNTOENTITY(ID, FECHAPUNTO, FECHAVENCIMIENTO, USUARIOPUNTO_DOCUMENTOUSUARIO) VALUES (4, '09/23/2017', '09/23/2018', 123456789);
INSERT INTO APP.PUNTOENTITY(ID, FECHAPUNTO, FECHAVENCIMIENTO, USUARIOPUNTO_DOCUMENTOUSUARIO) VALUES (5, '09/24/2017', '09/24/2018', 223456789);
INSERT INTO APP.PUNTOENTITY(ID, FECHAPUNTO, FECHAVENCIMIENTO, USUARIOPUNTO_DOCUMENTOUSUARIO) VALUES (6, '09/25/2017', '09/25/2018', 223456789);
INSERT INTO APP.PUNTOENTITY(ID, FECHAPUNTO, FECHAVENCIMIENTO, USUARIOPUNTO_DOCUMENTOUSUARIO) VALUES (7, '09/26/2017', '09/26/2018',  223456789);
INSERT INTO APP.PUNTOENTITY(ID, FECHAPUNTO, FECHAVENCIMIENTO, USUARIOPUNTO_DOCUMENTOUSUARIO) VALUES (8, '09/26/2017', '09/26/2018',  323232323);
INSERT INTO APP.PUNTOENTITY(ID, FECHAPUNTO, FECHAVENCIMIENTO, USUARIOPUNTO_DOCUMENTOUSUARIO) VALUES (9, '09/27/2017', '09/26/2018', 323232323);
INSERT INTO APP.PUNTOENTITY(ID, FECHAPUNTO, FECHAVENCIMIENTO, USUARIOPUNTO_DOCUMENTOUSUARIO) VALUES (10, '09/28/2017', '09/26/2018', 323232323);
INSERT INTO APP.PUNTOENTITY(ID, FECHAPUNTO, FECHAVENCIMIENTO, USUARIOPUNTO_DOCUMENTOUSUARIO) VALUES (11, '09/30/2017', '09/30/2018', 323232323);





/*Agregar desde acá si quieren*/
